"","SS","Higher_taxon","number"
"1","AD1_2002__Kruess 1","Diptera",17
"2","AD1_2002__Kruess 1","Hymenoptera",374
"3","AD1_2002__Vazquez 1","Arachnida",8
"4","AD1_2002__Vazquez 1","Coleoptera",184
"5","AD1_2002__Vazquez 1","Diptera",280
"6","AD1_2002__Vazquez 1","Hemiptera",24
"7","AD1_2002__Vazquez 1","Hymenoptera",488
"8","AD1_2002__Vazquez 1","Lepidoptera",24
"9","AD1_2002__Vazquez 1","Odonata",8
"10","AD1_2006__Blanche 1","Diptera",36
"11","AD1_2006__Blanche 1","Hymenoptera",66
"12","AD1_2006__Blanche 1","Lepidoptera",12
"13","AD1_2006__Blanche 2","Coleoptera",10
"14","AD1_2006__Blanche 2","Diptera",25
"15","AD1_2006__Blanche 2","Hymenoptera",15
"16","AD1_2006__Blanche 2","Lepidoptera",10
"17","AD1_2007__Meyer 1","Coleoptera",30
"18","AD1_2007__Meyer 1","Diptera",45
"19","AD1_2007__Meyer 1","Hymenoptera",195
"20","AD1_2007__Meyer 1","Lepidoptera",15
"21","AD1_2007__Meyer 2","Hymenoptera",105
"22","AD1_2007__Meyer 2","Lepidoptera",30
"23","AD1_2007__Ockinger 1","Hymenoptera",396
"24","AD1_2007__Ockinger 1","Lepidoptera",2304
"25","AD1_2008__Billeter 6","Diptera",128
"26","AD1_2008__Billeter 6","Hymenoptera",4544
"27","AD1_2008__Billeter 15","Arachnida",9280
"28","AD1_2008__Billeter 15","Coleoptera",7808
"29","AD1_2008__Billeter 16","Arachnida",3232
"30","AD1_2008__Billeter 16","Coleoptera",2304
"31","AD1_2008__Billeter 17","Arachnida",11328
"32","AD1_2008__Billeter 17","Coleoptera",6912
"33","AD1_2008__Billeter 18","Arachnida",6528
"34","AD1_2008__Billeter 18","Coleoptera",4272
"35","AD1_2008__Billeter 19","Arachnida",10496
"36","AD1_2008__Billeter 19","Coleoptera",6784
"37","AD1_2008__Billeter 20","Arachnida",8064
"38","AD1_2008__Billeter 20","Coleoptera",5952
"39","AD1_2008__Billeter 21","Arachnida",6192
"40","AD1_2008__Billeter 21","Coleoptera",4464
"41","AD1_2008__Franzen 1","Hymenoptera",1328
"42","AD1_2008__Franzen 1","Lepidoptera",688
"43","AD1_2008__Kohler 1","Diptera",160
"44","AD1_2008__Kohler 1","Hymenoptera",56
"45","AD1_2008__Kohler 2","Diptera",30
"46","AD1_2008__Kohler 2","Hymenoptera",30
"47","AD1_2008__Kohler 3","Diptera",20
"48","AD1_2008__Kohler 3","Hymenoptera",25
"49","AD1_2008__Kohler 4","Diptera",75
"50","AD1_2008__Kohler 4","Hymenoptera",70
"51","AD1_2009__Vergara 1","Coleoptera",16
"52","AD1_2009__Vergara 1","Diptera",80
"53","AD1_2009__Vergara 1","Hymenoptera",144
"54","AD1_2010__Quintero 1","Coleoptera",36
"55","AD1_2010__Quintero 1","Diptera",92
"56","AD1_2010__Quintero 1","Hymenoptera",72
"57","AD1_2010__Quintero 1","Lepidoptera",4
"58","AD1_2010__Quintero 1","Thysanoptera",4
"59","AD1_2011__Bates 1","Diptera",1200
"60","AD1_2011__Bates 1","Hymenoptera",1392
"61","AD1_2011b_Hanley 1","Arachnida",8
"62","AD1_2011b_Hanley 1","Coleoptera",160
"63","AD1_2011b_Hanley 1","Diptera",352
"64","AD1_2011b_Hanley 1","Hemiptera",72
"65","AD1_2011b_Hanley 1","Hymenoptera",296
"66","AD1_2011b_Hanley 1","Lepidoptera",160
"67","AD1_2011b_Hanley 1","Neuroptera",16
"68","AD1_2011__Blake 1","Diptera",4
"69","AD1_2011__Blake 1","Hymenoptera",36
"70","AD1_2011__Blake 2","Diptera",2
"71","AD1_2011__Blake 2","Hymenoptera",18
"72","AD1_2011__Power 1","Diptera",340
"73","AD1_2011__Power 1","Hymenoptera",180
"74","AD1_2011__Power 1","Lepidoptera",140
"75","AD1_2011__Schuepp 1","Coleoptera",60
"76","AD1_2011__Schuepp 1","Diptera",180
"77","AD1_2011__Schuepp 1","Hymenoptera",2130
"78","AD1_2011__Weiner 1","Coleoptera",1305
"79","AD1_2011__Weiner 1","Diptera",8526
"80","AD1_2011__Weiner 1","Hemiptera",377
"81","AD1_2011__Weiner 1","Hymenoptera",3422
"82","AD1_2011__Weiner 1","Lepidoptera",1392
"83","AD1_2011__Weiner 1","Mecoptera",29
"84","AD1_2012__MudriStojnic 1","Diptera",128
"85","AD1_2012__MudriStojnic 1","Hymenoptera",880
"86","AD1_2013__Chima 1","Blattodea",8
"87","AD1_2013__Chima 1","Coleoptera",52
"88","AD1_2013__Chima 1","Diptera",16
"89","AD1_2013__Chima 1","Hemiptera",12
"90","AD1_2013__Chima 1","Hymenoptera",16
"91","AD1_2013__Chima 1","Lepidoptera",4
"92","AD1_2013__Chima 1","Orthoptera",4
"93","AD1_2013__Grass 1","Coleoptera",527
"94","AD1_2013__Grass 1","Diptera",748
"95","AD1_2013__Grass 1","Hymenoptera",748
"96","AD1_2013__Grass 1","Lepidoptera",289
"97","AD2_2017__Novais 2","Coleoptera",11988
"98","AD2_2017__Novais 2","Hemiptera",8154
"99","AD2_2017__Novais 2","Phasmida",54
"100","AD2_2018__Salles 1","Arachnida",160
"101","AD2_2018__Salles 1","Blattodea",80
"102","AD2_2018__Salles 1","Coleoptera",80
"103","AD2_2018__Salles 1","Collembola",80
"104","AD2_2018__Salles 1","Dermaptera",80
"105","AD2_2018__Salles 1","Diptera",80
"106","AD2_2018__Salles 1","Hemiptera",80
"107","AD2_2018__Salles 1","Hymenoptera",4800
"108","AD2_2018__Salles 1","Isoptera",80
"109","AD2_2018__Salles 1","Orthoptera",80
"110","AD2_2018__Salles 2","Arachnida",160
"111","AD2_2018__Salles 2","Blattodea",80
"112","AD2_2018__Salles 2","Coleoptera",80
"113","AD2_2018__Salles 2","Collembola",80
"114","AD2_2018__Salles 2","Dermaptera",80
"115","AD2_2018__Salles 2","Diptera",80
"116","AD2_2018__Salles 2","Hemiptera",80
"117","AD2_2018__Salles 2","Hymenoptera",3920
"118","AD2_2018__Salles 2","Isoptera",80
"119","AD2_2018__Salles 2","Orthoptera",80
"120","AD2_2018__Salles 2","Psocodea",80
"121","AR1_2008__Basset 1","Arachnida",84
"122","AR1_2008__Basset 1","Archaeognatha",24
"123","AR1_2008__Basset 1","Blattodea",24
"124","AR1_2008__Basset 1","Chilopoda",24
"125","AR1_2008__Basset 1","Coleoptera",6156
"126","AR1_2008__Basset 1","Collembola",24
"127","AR1_2008__Basset 1","Dermaptera",24
"128","AR1_2008__Basset 1","Diplopoda",12
"129","AR1_2008__Basset 1","Diptera",2616
"130","AR1_2008__Basset 1","Embioptera",12
"131","AR1_2008__Basset 1","Ephemeroptera",24
"132","AR1_2008__Basset 1","Hemiptera",3432
"133","AR1_2008__Basset 1","Hymenoptera",8316
"134","AR1_2008__Basset 1","Isoptera",24
"135","AR1_2008__Basset 1","Lepidoptera",60
"136","AR1_2008__Basset 1","Malacostraca",12
"137","AR1_2008__Basset 1","Mantodea",264
"138","AR1_2008__Basset 1","Neuroptera",360
"139","AR1_2008__Basset 1","Odonata",12
"140","AR1_2008__Basset 1","Orthoptera",672
"141","AR1_2008__Basset 1","Pauropoda",12
"142","AR1_2008__Basset 1","Psocodea",12
"143","AR1_2008__Basset 1","Siphonaptera",12
"144","AR1_2008__Basset 1","Thysanoptera",12
"145","AR1_2008__Basset 1","Trichoptera",12
"146","CC1_2005__Barratt 1","Arachnida",6
"147","CC1_2005__Barratt 1","Blattodea",2
"148","CC1_2005__Barratt 1","Chilopoda",2
"149","CC1_2005__Barratt 1","Coleoptera",2
"150","CC1_2005__Barratt 1","Dermaptera",2
"151","CC1_2005__Barratt 1","Diplopoda",2
"152","CC1_2005__Barratt 1","Diptera",2
"153","CC1_2005__Barratt 1","Hemiptera",6
"154","CC1_2005__Barratt 1","Hymenoptera",2
"155","CC1_2005__Barratt 1","Lepidoptera",2
"156","CC1_2005__Barratt 1","Malacostraca",4
"157","CC1_2005__Barratt 1","Orthoptera",6
"158","CC1_2005__Barratt 1","Pauropoda",2
"159","CC1_2005__Barratt 1","Protura",2
"160","CC1_2005__Barratt 1","Psocodea",2
"161","CC1_2005__Barratt 1","Symphyla",2
"162","CC1_2005__Barratt 1","Thysanoptera",2
"163","CC1_2005__Barratt 2","Arachnida",6
"164","CC1_2005__Barratt 2","Blattodea",2
"165","CC1_2005__Barratt 2","Chilopoda",2
"166","CC1_2005__Barratt 2","Coleoptera",2
"167","CC1_2005__Barratt 2","Diplopoda",2
"168","CC1_2005__Barratt 2","Diptera",2
"169","CC1_2005__Barratt 2","Hemiptera",6
"170","CC1_2005__Barratt 2","Hymenoptera",2
"171","CC1_2005__Barratt 2","Lepidoptera",2
"172","CC1_2005__Barratt 2","Malacostraca",4
"173","CC1_2005__Barratt 2","Orthoptera",4
"174","CC1_2005__Barratt 2","Pauropoda",2
"175","CC1_2005__Barratt 2","Protura",2
"176","CC1_2005__Barratt 2","Psocodea",2
"177","CC1_2005__Barratt 2","Symphyla",2
"178","CC1_2005__Barratt 2","Thysanoptera",2
"179","CC1_2008__Schon 1","Coleoptera",36
"180","CC1_2008__Schon 1","Lepidoptera",12
"181","CC1_2008__Schon 2","Arachnida",324
"182","CC1_2008__Schon 2","Chilopoda",12
"183","CC1_2008__Schon 2","Coleoptera",12
"184","CC1_2008__Schon 2","Collembola",48
"185","CC1_2008__Schon 2","Diplopoda",12
"186","CC1_2008__Schon 2","Diptera",12
"187","CC1_2008__Schon 2","Hemiptera",12
"188","CC1_2008__Schon 2","Lepidoptera",12
"189","CC1_2008__Schon 2","Pauropoda",12
"190","CC1_2008__Schon 2","Protura",12
"191","CC1_2008__Schon 2","Symphyla",12
"192","CC1_2008__Schon 2","Thysanoptera",12
"193","CC1_2010__Schon 2","Arachnida",120
"194","CC1_2010__Schon 2","Chilopoda",20
"195","CC1_2010__Schon 2","Coleoptera",20
"196","CC1_2010__Schon 2","Collembola",80
"197","CC1_2010__Schon 2","Diplopoda",20
"198","CC1_2010__Schon 2","Diptera",20
"199","CC1_2010__Schon 2","Hemiptera",20
"200","CC1_2010__Schon 2","Hymenoptera",20
"201","CC1_2010__Schon 2","Lepidoptera",20
"202","CC1_2010__Schon 2","Malacostraca",40
"203","CC1_2010__Schon 2","Pauropoda",20
"204","CC1_2010__Schon 2","Protura",20
"205","CC1_2010__Schon 2","Psocodea",20
"206","CC1_2010__Schon 2","Symphyla",20
"207","CC1_2010__Schon 2","Thysanoptera",20
"208","CC1_2012__Waite 1","Arachnida",60
"209","CC1_2012__Waite 1","Coleoptera",40
"210","CC1_2012__Waite 1","Collembola",20
"211","CC1_2012__Waite 1","Diptera",20
"212","CC1_2012__Waite 1","Hemiptera",20
"213","CC1_2012__Waite 1","Hymenoptera",20
"214","CC1_2012__Waite 1","Malacostraca",20
"215","CC1_2012__Waite 1","Neuroptera",20
"216","CC1_2012__Waite 1","Orthoptera",20
"217","CC1_2012__Waite 1","Psocodea",20
"218","CC1_2012__Waite 1","Thysanoptera",20
"219","CC1_2012__Waite 1","Trichoptera",20
"220","CC1_2012__Waite 2","Arachnida",180
"221","CC1_2012__Waite 2","Coleoptera",120
"222","CC1_2012__Waite 2","Collembola",60
"223","CC1_2012__Waite 2","Diptera",60
"224","CC1_2012__Waite 2","Hemiptera",60
"225","CC1_2012__Waite 2","Hymenoptera",60
"226","CC1_2012__Waite 2","Lepidoptera",60
"227","CC1_2012__Waite 2","Malacostraca",60
"228","CC1_2012__Waite 2","Neuroptera",60
"229","CC1_2012__Waite 2","Orthoptera",60
"230","CC1_2012__Waite 2","Psocodea",60
"231","CC1_2012__Waite 2","Thysanoptera",60
"232","CC1_2012__Waite 2","Trichoptera",60
"233","CC1_2012__Waite 3","Arachnida",60
"234","CC1_2012__Waite 3","Coleoptera",40
"235","CC1_2012__Waite 3","Collembola",20
"236","CC1_2012__Waite 3","Diptera",20
"237","CC1_2012__Waite 3","Hemiptera",20
"238","CC1_2012__Waite 3","Hymenoptera",20
"239","CC1_2012__Waite 3","Malacostraca",20
"240","CC1_2012__Waite 3","Neuroptera",20
"241","CC1_2012__Waite 3","Orthoptera",20
"242","CC1_2012__Waite 3","Psocodea",20
"243","CC1_2012__Waite 3","Thysanoptera",20
"244","CC1_2012__Waite 3","Trichoptera",20
"245","CC1_2013__Litchwark 1","Coleoptera",90
"246","CC1_2013__Litchwark 1","Diptera",864
"247","CC1_2013__Litchwark 1","Hymenoptera",324
"248","CC1_2013__Litchwark 1","Lepidoptera",90
"249","CC1_2013__Litchwark 1","Odonata",18
"250","CC1_2014__Rader 1","Coleoptera",24
"251","CC1_2014__Rader 1","Diptera",407
"252","CC1_2014__Rader 1","Hymenoptera",168
"253","CM2_2009__SilvaMoco 1","Arachnida",48
"254","CM2_2009__SilvaMoco 1","Chilopoda",24
"255","CM2_2009__SilvaMoco 1","Coleoptera",24
"256","CM2_2009__SilvaMoco 1","Collembola",24
"257","CM2_2009__SilvaMoco 1","Diplopoda",24
"258","CM2_2009__SilvaMoco 1","Diptera",24
"259","CM2_2009__SilvaMoco 1","Hemiptera",24
"260","CM2_2009__SilvaMoco 1","Hymenoptera",24
"261","CM2_2009__SilvaMoco 1","Malacostraca",24
"262","CM2_2009__SilvaMoco 1","Pauropoda",24
"263","CM2_2009__SilvaMoco 1","Psocodea",24
"264","CM2_2009__SilvaMoco 1","Symphyla",24
"265","CM2_2009__SilvaMoco 1","Thysanoptera",24
"266","CM2_2009__SilvaMoco 2","Arachnida",48
"267","CM2_2009__SilvaMoco 2","Chilopoda",24
"268","CM2_2009__SilvaMoco 2","Coleoptera",24
"269","CM2_2009__SilvaMoco 2","Collembola",24
"270","CM2_2009__SilvaMoco 2","Diplopoda",24
"271","CM2_2009__SilvaMoco 2","Diptera",24
"272","CM2_2009__SilvaMoco 2","Hemiptera",24
"273","CM2_2009__SilvaMoco 2","Hymenoptera",24
"274","CM2_2009__SilvaMoco 2","Malacostraca",24
"275","CM2_2009__SilvaMoco 2","Pauropoda",24
"276","CM2_2009__SilvaMoco 2","Psocodea",24
"277","CM2_2009__SilvaMoco 2","Symphyla",24
"278","CM2_2009__SilvaMoco 2","Thysanoptera",24
"279","DG1_2012__Ge 1","Arachnida",10
"280","DG1_2012__Ge 1","Chilopoda",10
"281","DG1_2012__Ge 1","Coleoptera",5
"282","DG1_2012__Ge 1","Diptera",5
"283","DG1_2012__Ge 1","Hemiptera",5
"284","DG1_2012__Ge 1","Hymenoptera",5
"285","DG1_2012__Ge 1","Isoptera",5
"286","DG1_2012__Ge 1","Lepidoptera",5
"287","DG1_2012__Ge 1","Malacostraca",5
"288","DG1_2012__Ge 1","Phthiraptera",5
"289","DG1_2012__Ge 1","Protura",5
"290","DI1_2003__Nakamura 1","Arachnida",40
"291","DI1_2003__Nakamura 1","Chilopoda",100
"292","DI1_2003__Nakamura 1","Diplopoda",200
"293","DI1_2003__Nakamura 1","Hymenoptera",600
"294","DI1_2003__Nakamura 1","Malacostraca",40
"295","DI1_2012__Muchane 1","Blattodea",12
"296","DI1_2012__Muchane 1","Chilopoda",84
"297","DI1_2012__Muchane 1","Coleoptera",624
"298","DI1_2012__Muchane 1","Collembola",12
"299","DI1_2012__Muchane 1","Dermaptera",12
"300","DI1_2012__Muchane 1","Diplopoda",96
"301","DI1_2012__Muchane 1","Diptera",72
"302","DI1_2012__Muchane 1","Hymenoptera",360
"303","DI1_2012__Muchane 1","Isoptera",192
"304","DI1_2012__Muchane 1","Lepidoptera",12
"305","DI1_2013__Rousseau 1","Arachnida",648
"306","DI1_2013__Rousseau 1","Blattodea",72
"307","DI1_2013__Rousseau 1","Chilopoda",72
"308","DI1_2013__Rousseau 1","Coleoptera",1440
"309","DI1_2013__Rousseau 1","Diplopoda",144
"310","DI1_2013__Rousseau 1","Diptera",144
"311","DI1_2013__Rousseau 1","Hemiptera",360
"312","DI1_2013__Rousseau 1","Hymenoptera",864
"313","DI1_2013__Rousseau 1","Isoptera",144
"314","DI1_2013__Rousseau 1","Lepidoptera",288
"315","DI1_2013__Rousseau 1","Orthoptera",144
"316","DI1_2013__Rousseau 2","Arachnida",720
"317","DI1_2013__Rousseau 2","Blattodea",144
"318","DI1_2013__Rousseau 2","Chilopoda",72
"319","DI1_2013__Rousseau 2","Coleoptera",1152
"320","DI1_2013__Rousseau 2","Diptera",144
"321","DI1_2013__Rousseau 2","Hemiptera",864
"322","DI1_2013__Rousseau 2","Hymenoptera",1872
"323","DI1_2013__Rousseau 2","Isoptera",144
"324","DI1_2013__Rousseau 2","Lepidoptera",144
"325","DI1_2013__Rousseau 2","Mantodea",72
"326","DI1_2013__Rousseau 2","Orthoptera",432
"327","DI1_2013__Rousseau 2","Trichoptera",72
"328","GP1_2009__Vasconcelos 2","Arachnida",544
"329","GP1_2009__Vasconcelos 2","Blattodea",136
"330","GP1_2009__Vasconcelos 2","Chilopoda",136
"331","GP1_2009__Vasconcelos 2","Coleoptera",136
"332","GP1_2009__Vasconcelos 2","Collembola",136
"333","GP1_2009__Vasconcelos 2","Diplopoda",136
"334","GP1_2009__Vasconcelos 2","Diptera",136
"335","GP1_2009__Vasconcelos 2","Embioptera",136
"336","GP1_2009__Vasconcelos 2","Hemiptera",136
"337","GP1_2009__Vasconcelos 2","Hymenoptera",272
"338","GP1_2009__Vasconcelos 2","Isoptera",136
"339","GP1_2009__Vasconcelos 2","Malacostraca",136
"340","GP1_2009__Vasconcelos 2","Neuroptera",136
"341","GP1_2009__Vasconcelos 2","Orthoptera",136
"342","GP1_2009__Vasconcelos 2","Psocodea",136
"343","GP1_2009__Vasconcelos 2","Thysanoptera",136
"344","HP1_2004__Cleary 1","Lepidoptera",2106
"345","HP1_2004__Cleary 1","Odonata",534
"346","HP1_2006__Lachat 1","Chilopoda",252
"347","HP1_2006__Lachat 1","Coleoptera",9540
"348","HP1_2006__Lachat 1","Diplopoda",972
"349","HP1_2006__Lachat 1","Hemiptera",2664
"350","HP1_2006__Lachat 1","Isoptera",216
"351","HP1_2006__Lachat 1","Malacostraca",504
"352","HP1_2007__Bos 1","Coleoptera",3135
"353","HP1_2007__Bos 1","Hymenoptera",660
"354","HW1_2011__Summerville 1","Coleoptera",80
"355","HW1_2011__Summerville 1","Lepidoptera",28880
"356","KS1_2006__Borges 1","Arachnida",1280
"357","KS1_2006__Borges 1","Archaeognatha",40
"358","KS1_2006__Borges 1","Blattodea",40
"359","KS1_2006__Borges 1","Chilopoda",160
"360","KS1_2006__Borges 1","Coleoptera",1600
"361","KS1_2006__Borges 1","Diplopoda",240
"362","KS1_2006__Borges 1","Hemiptera",960
"363","KS1_2006__Borges 1","Lepidoptera",880
"364","KS1_2006__Borges 1","Neuroptera",40
"365","KS1_2006__Borges 1","Psocodea",80
"366","KS1_2006__Borges 1","Thysanoptera",200
"367","KS1_2006__Borges 1","Trichoptera",40
"368","LC1_2006__Li 2","Coleoptera",220
"369","LC1_2006__Li 2","Orthoptera",250
"370","LC1_2014__Ge 1","Coleoptera",3
"371","LC1_2014__Ge 1","Diptera",3
"372","LC1_2014__Ge 1","Hemiptera",3
"373","LC1_2014__Ge 1","Hymenoptera",3
"374","LC1_2014__Ge 1","Lepidoptera",3
"375","LC1_2014__Ge 1","Neuroptera",3
"376","LC1_2014__Ge 1","Odonata",3
"377","LC1_2014__Ge 1","Orthoptera",3
"378","LC1_2015__Hou 1","Arachnida",629
"379","LC1_2015__Hou 1","Blattodea",105
"380","LC1_2015__Hou 1","Chilopoda",210
"381","LC1_2015__Hou 1","Coleoptera",1575
"382","LC1_2015__Hou 1","Diplopoda",105
"383","LC1_2015__Hou 1","Diptera",105
"384","LC1_2015__Hou 1","Hemiptera",525
"385","LC1_2015__Hou 1","Hymenoptera",630
"386","LC1_2015__Hou 1","Lepidoptera",105
"387","LC1_2015__Hou 1","Malacostraca",210
"388","LC1_2015__Hou 1","Odonata",105
"389","LC1_2015__Hou 1","Orthoptera",420
"390","LC1_2015__Su 1","Coleoptera",1395
"391","LC1_2015__Su 1","Dermaptera",45
"392","LC1_2015__Su 1","Diptera",675
"393","LC1_2015__Su 1","Hemiptera",1440
"394","LC1_2015__Su 1","Hymenoptera",900
"395","LC1_2015__Su 1","Lepidoptera",90
"396","LC1_2015__Su 1","Mantodea",135
"397","LC1_2015__Su 1","Neuroptera",90
"398","LC1_2015__Su 1","Odonata",45
"399","LC1_2015__Su 1","Orthoptera",675
"400","LC1_2015__Yang 1","Arachnida",54
"401","LC1_2015__Yang 1","Chilopoda",12
"402","LC1_2015__Yang 1","Coleoptera",6
"403","LC1_2015__Yang 1","Collembola",6
"404","LC1_2015__Yang 1","Dermaptera",6
"405","LC1_2015__Yang 1","Diptera",6
"406","LC1_2015__Yang 1","Hymenoptera",6
"407","LC1_2015__Yang 1","Isoptera",6
"408","LC1_2015__Yang 1","Lepidoptera",6
"409","LC1_2015__Yang 1","Malacostraca",6
"410","LC1_2015__Yang 1","Orthoptera",6
"411","LC1_2015__Yang 1","Thysanoptera",6
"412","LC1_2018__Guo 1","Arachnida",30
"413","LC1_2018__Guo 1","Chilopoda",18
"414","LC1_2018__Guo 1","Coleoptera",108
"415","LC1_2018__Guo 1","Dermaptera",6
"416","LC1_2018__Guo 1","Hemiptera",54
"417","LC1_2018__Guo 1","Hymenoptera",6
"418","LC1_2018__Guo 1","Lepidoptera",36
"419","LC1_2018__Guo 1","Malacostraca",6
"420","LC1_2018__Guo 1","Neuroptera",6
"421","LC1_2018__Guo 1","Orthoptera",18
"422","LC1_2018__Guo 1","Thysanoptera",6
"423","LC1_2019__Liu 1","Arachnida",40
"424","LC1_2019__Liu 1","Chilopoda",8
"425","LC1_2019__Liu 1","Coleoptera",48
"426","LC1_2019__Liu 1","Dermaptera",4
"427","LC1_2019__Liu 1","Diptera",4
"428","LC1_2019__Liu 1","Hemiptera",28
"429","LC1_2019__Liu 1","Hymenoptera",20
"430","LC1_2019__Liu 1","Lepidoptera",4
"431","LC1_2019__Liu 1","Orthoptera",48
"432","LC1_2019__Liu 1","Thysanoptera",4
"433","LC1_2019__Luan 1","Arachnida",119
"434","LC1_2019__Luan 1","Chilopoda",7
"435","LC1_2019__Luan 1","Coleoptera",112
"436","LC1_2019__Luan 1","Collembola",7
"437","LC1_2019__Luan 1","Dermaptera",7
"438","LC1_2019__Luan 1","Diplopoda",7
"439","LC1_2019__Luan 1","Diplura",7
"440","LC1_2019__Luan 1","Diptera",77
"441","LC1_2019__Luan 1","Hemiptera",14
"442","LC1_2019__Luan 1","Hymenoptera",7
"443","LC1_2019__Luan 1","Isoptera",7
"444","LC1_2019__Luan 1","Lepidoptera",7
"445","LC1_2019__Luan 1","Malacostraca",7
"446","LC1_2019__Luan 1","Neuroptera",7
"447","LC1_2019__Luan 1","Orthoptera",7
"448","LC1_2019__Luan 1","Thysanoptera",7
"449","LC1_2020__Huang 1","Blattodea",4
"450","LC1_2020__Huang 1","Coleoptera",4
"451","LC1_2020__Huang 1","Diptera",4
"452","LC1_2020__Huang 1","Hemiptera",8
"453","LC1_2020__Huang 1","Hymenoptera",4
"454","LC1_2020__Huang 1","Lepidoptera",4
"455","LC1_2020__Huang 1","Neuroptera",4
"456","LC1_2020__Huang 1","Odonata",4
"457","LC1_2020__Huang 1","Orthoptera",4
"458","LC1_2020__Ma 1","Arachnida",2
"459","LC1_2020__Ma 1","Blattodea",2
"460","LC1_2020__Ma 1","Coleoptera",2
"461","LC1_2020__Ma 1","Collembola",2
"462","LC1_2020__Ma 1","Dermaptera",2
"463","LC1_2020__Ma 1","Diplopoda",2
"464","LC1_2020__Ma 1","Diplura",2
"465","LC1_2020__Ma 1","Diptera",2
"466","LC1_2020__Ma 1","Hemiptera",2
"467","LC1_2020__Ma 1","Hymenoptera",2
"468","LC1_2020__Ma 1","Lepidoptera",2
"469","LC1_2020__Ma 1","Mantodea",2
"470","LC1_2020__Ma 1","Neuroptera",2
"471","LC1_2020__Ma 1","Orthoptera",2
"472","LC1_2020__Ma 1","Phthiraptera",2
"473","LC1_2020__Ma 1","Trichoptera",2
"474","LC1_2020__Ma 1","Zygentoma",2
"475","LC1_2020__Zhang 1","Arachnida",186
"476","LC1_2020__Zhang 1","Blattodea",6
"477","LC1_2020__Zhang 1","Chilopoda",6
"478","LC1_2020__Zhang 1","Coleoptera",36
"479","LC1_2020__Zhang 1","Collembola",48
"480","LC1_2020__Zhang 1","Dermaptera",6
"481","LC1_2020__Zhang 1","Diplura",12
"482","LC1_2020__Zhang 1","Diptera",18
"483","LC1_2020__Zhang 1","Hemiptera",12
"484","LC1_2020__Zhang 1","Hymenoptera",6
"485","LC1_2020__Zhang 1","Isoptera",6
"486","LC1_2020__Zhang 1","Lepidoptera",12
"487","LC1_2020__Zhang 1","Malacostraca",12
"488","LC1_2020__Zhang 1","Orthoptera",12
"489","LC1_2020__Zhang 1","Protura",6
"490","LC1_2020__Zhang 1","Psocodea",18
"491","LC1_2020__Zhang 1","Thysanoptera",6
"492","LC1_2020__Zheng 1","Arachnida",21
"493","LC1_2020__Zheng 1","Archaeognatha",3
"494","LC1_2020__Zheng 1","Chilopoda",3
"495","LC1_2020__Zheng 1","Coleoptera",24
"496","LC1_2020__Zheng 1","Collembola",3
"497","LC1_2020__Zheng 1","Dermaptera",3
"498","LC1_2020__Zheng 1","Diplopoda",3
"499","LC1_2020__Zheng 1","Diptera",18
"500","LC1_2020__Zheng 1","Hymenoptera",3
"501","LC1_2020__Zheng 1","Lepidoptera",3
"502","LC1_2021b_Li 1","Arachnida",27
"503","LC1_2021b_Li 1","Blattodea",9
"504","LC1_2021b_Li 1","Chilopoda",18
"505","LC1_2021b_Li 1","Coleoptera",81
"506","LC1_2021b_Li 1","Collembola",9
"507","LC1_2021b_Li 1","Diplopoda",18
"508","LC1_2021b_Li 1","Diptera",27
"509","LC1_2021b_Li 1","Hemiptera",9
"510","LC1_2021b_Li 1","Hymenoptera",18
"511","LC1_2021b_Li 1","Isoptera",9
"512","LC1_2021b_Li 1","Lepidoptera",9
"513","LC1_2021b_Li 1","Malacostraca",9
"514","LC1_2021b_Li 1","Orthoptera",18
"515","LC1_2021b_Li 1","Pauropoda",9
"516","LC1_2021b_Li 1","Symphyla",9
"517","LC1_2021b_Li 1","Thysanoptera",9
"518","LC1_2021__Ge 1","Arachnida",25
"519","LC1_2021__Ge 1","Chilopoda",50
"520","LC1_2021__Ge 1","Coleoptera",100
"521","LC1_2021__Ge 1","Dermaptera",25
"522","LC1_2021__Ge 1","Diplopoda",25
"523","LC1_2021__Ge 1","Diptera",25
"524","LC1_2021__Ge 1","Hemiptera",25
"525","LC1_2021__Ge 1","Hymenoptera",25
"526","LC1_2021__Ge 1","Lepidoptera",75
"527","LC1_2021__Ge 1","Malacostraca",50
"528","LC1_2021__Ge 1","Orthoptera",75
"529","LC1_2021__Ge 1","Symphyla",25
"530","LC1_2021__Li 1","Arachnida",20
"531","LC1_2021__Li 1","Collembola",8
"532","LC1_2021__Zang 1","Arachnida",168
"533","LC1_2021__Zang 1","Archaeognatha",8
"534","LC1_2021__Zang 1","Chilopoda",8
"535","LC1_2021__Zang 1","Coleoptera",76
"536","LC1_2021__Zang 1","Collembola",8
"537","LC1_2021__Zang 1","Diplopoda",8
"538","LC1_2021__Zang 1","Diplura",8
"539","LC1_2021__Zang 1","Diptera",116
"540","LC1_2021__Zang 1","Ephemeroptera",4
"541","LC1_2021__Zang 1","Hemiptera",28
"542","LC1_2021__Zang 1","Hymenoptera",76
"543","LC1_2021__Zang 1","Lepidoptera",16
"544","LC1_2021__Zang 1","Orthoptera",20
"545","LC1_2021__Zang 1","Thysanoptera",4
"546","LH2_2013__Kambach 2","Coleoptera",24
"547","LH2_2013__Kambach 2","Lepidoptera",2928
"548","LH2_2015__BravoMonroy 1","Hymenoptera",36
"549","LH2_2015__Cusser 1","Diptera",81
"550","LH2_2015__Cusser 1","Hymenoptera",243
"551","LH2_2015__Cusser 1","Lepidoptera",126
"552","MG1_2007__Woodcock 1","Arachnida",6300
"553","MG1_2007__Woodcock 1","Coleoptera",18984
"554","MG1_2007__Woodcock 1","Hemiptera",8652
"555","MG1_2007__Woodcock 1","Hymenoptera",420
"556","MG1_2007__Woodcock 1","Lepidoptera",1344
"557","MG1_2011__Schon 1","Coleoptera",6
"558","MG1_2011__Schon 1","Lepidoptera",6
"559","MH1_2009__Turner 1","Arachnida",84
"560","MH1_2009__Turner 1","Archaeognatha",14
"561","MH1_2009__Turner 1","Blattodea",14
"562","MH1_2009__Turner 1","Chilopoda",14
"563","MH1_2009__Turner 1","Coleoptera",14
"564","MH1_2009__Turner 1","Collembola",14
"565","MH1_2009__Turner 1","Dermaptera",14
"566","MH1_2009__Turner 1","Diplopoda",14
"567","MH1_2009__Turner 1","Diptera",14
"568","MH1_2009__Turner 1","Embioptera",14
"569","MH1_2009__Turner 1","Ephemeroptera",14
"570","MH1_2009__Turner 1","Hemiptera",14
"571","MH1_2009__Turner 1","Hymenoptera",28
"572","MH1_2009__Turner 1","Isoptera",14
"573","MH1_2009__Turner 1","Lepidoptera",14
"574","MH1_2009__Turner 1","Malacostraca",14
"575","MH1_2009__Turner 1","Mantodea",14
"576","MH1_2009__Turner 1","Neuroptera",14
"577","MH1_2009__Turner 1","Orthoptera",14
"578","MH1_2009__Turner 1","Phasmida",14
"579","MH1_2009__Turner 1","Psocodea",14
"580","MH1_2009__Turner 1","Thysanoptera",14
"581","MH1_2009__Turner 1","Trichoptera",14
"582","SC1_2005__Richardson 1","Arachnida",4968
"583","SC1_2005__Richardson 1","Archaeognatha",144
"584","SC1_2005__Richardson 1","Blattodea",576
"585","SC1_2005__Richardson 1","Chilopoda",360
"586","SC1_2005__Richardson 1","Coleoptera",11088
"587","SC1_2005__Richardson 1","Collembola",3168
"588","SC1_2005__Richardson 1","Diplopoda",792
"589","SC1_2005__Richardson 1","Diplura",72
"590","SC1_2005__Richardson 1","Diptera",7272
"591","SC1_2005__Richardson 1","Embioptera",72
"592","SC1_2005__Richardson 1","Ephemeroptera",72
"593","SC1_2005__Richardson 1","Hemiptera",3816
"594","SC1_2005__Richardson 1","Hymenoptera",2592
"595","SC1_2005__Richardson 1","Isoptera",144
"596","SC1_2005__Richardson 1","Lepidoptera",3528
"597","SC1_2005__Richardson 1","Malacostraca",288
"598","SC1_2005__Richardson 1","Neuroptera",360
"599","SC1_2005__Richardson 1","Orthoptera",432
"600","SC1_2005__Richardson 1","Psocodea",72
"601","SC1_2005__Richardson 1","Symphyla",72
"602","SC1_2005__Richardson 1","Thysanoptera",144
"603","SC1_2005__Richardson 1","Trichoptera",72
"604","SC1_2005__Richardson 1","Zoraptera",72
"605","SC1_2009__Meyer 1","Diptera",2400
"606","SC1_2009__Meyer 1","Hymenoptera",3488
"607","SC1_2011__Meijer 1","Arachnida",11856
"608","SC1_2011__Meijer 1","Archaeognatha",304
"609","SC1_2011__Meijer 1","Blattodea",304
"610","SC1_2011__Meijer 1","Chilopoda",912
"611","SC1_2011__Meijer 1","Coleoptera",30248
"612","SC1_2011__Meijer 1","Dermaptera",304
"613","SC1_2011__Meijer 1","Diplopoda",1976
"614","SC1_2011__Meijer 1","Hemiptera",11400
"615","SC1_2011__Meijer 1","Lepidoptera",8056
"616","SC1_2011__Meijer 1","Neuroptera",304
"617","SC1_2011__Meijer 1","Orthoptera",456
"618","SC1_2011__Meijer 1","Psocodea",1976
"619","SC1_2011__Meijer 1","Thysanoptera",912
"620","SC1_2011__Meijer 1","Trichoptera",152
"621","SE1_2012__Cabra 1","Arachnida",5187
"622","SE1_2012__Cabra 1","Hymenoptera",6123
"623","SE1_2012__Poveda 1","Arachnida",697
"624","SE1_2012__Poveda 1","Chilopoda",17
"625","SE1_2012__Poveda 1","Coleoptera",1717
"626","SE1_2012__Poveda 1","Dermaptera",34
"627","SE1_2012__Poveda 1","Diptera",1122
"628","SE1_2012__Poveda 1","Hemiptera",323
"629","SE1_2012__Poveda 1","Hymenoptera",1462
"630","SE1_2012__Poveda 1","Lepidoptera",51
"631","SE1_2012__Poveda 1","Neuroptera",17
"632","SE1_2012__Poveda 1","Orthoptera",17
"633","SE1_2012__Poveda 1","Thysanoptera",221
"634","SE1_2012__Poveda 2","Arachnida",408
"635","SE1_2012__Poveda 2","Coleoptera",493
"636","SE1_2012__Poveda 2","Collembola",17
"637","SE1_2012__Poveda 2","Diptera",1326
"638","SE1_2012__Poveda 2","Hemiptera",340
"639","SE1_2012__Poveda 2","Hymenoptera",1700
"640","SE1_2012__Poveda 2","Lepidoptera",34
"641","SE1_2012__Poveda 2","Neuroptera",17
"642","SE1_2012__Poveda 2","Orthoptera",68
"643","SE1_2012__Poveda 2","Thysanoptera",170
"644","SE2_2010__Gaigher 1","Arachnida",670
"645","SE2_2010__Gaigher 1","Archaeognatha",10
"646","SE2_2010__Gaigher 1","Blattodea",120
"647","SE2_2010__Gaigher 1","Chilopoda",60
"648","SE2_2010__Gaigher 1","Coleoptera",980
"649","SE2_2010__Gaigher 1","Dermaptera",30
"650","SE2_2010__Gaigher 1","Diplopoda",30
"651","SE2_2010__Gaigher 1","Diptera",360
"652","SE2_2010__Gaigher 1","Hemiptera",660
"653","SE2_2010__Gaigher 1","Hymenoptera",580
"654","SE2_2010__Gaigher 1","Isoptera",10
"655","SE2_2010__Gaigher 1","Malacostraca",90
"656","SE2_2010__Gaigher 1","Mantodea",10
"657","SE2_2010__Gaigher 1","Orthoptera",240
"658","SE2_2010__Gaigher 1","Phasmida",10
"659","SE2_2010__Gaigher 1","Psocodea",10
"660","SE2_2010__Gaigher 1","Zygentoma",10
"661","SH1_2011__Todd 1","Arachnida",80
"662","SH1_2011__Todd 1","Blattodea",80
"663","SH1_2011__Todd 1","Chilopoda",20
"664","SH1_2011__Todd 1","Coleoptera",2300
"665","SH1_2011__Todd 1","Dermaptera",20
"666","SH1_2011__Todd 1","Diplopoda",20
"667","SH1_2011__Todd 1","Diptera",2360
"668","SH1_2011__Todd 1","Hemiptera",860
"669","SH1_2011__Todd 1","Hymenoptera",2880
"670","SH1_2011__Todd 1","Lepidoptera",20
"671","SH1_2011__Todd 1","Malacostraca",40
"672","SH1_2011__Todd 1","Neuroptera",80
"673","SH1_2011__Todd 1","Odonata",20
"674","SH1_2011__Todd 1","Orthoptera",60
"675","SH1_2011__Todd 1","Psocodea",20
"676","SH1_2011__Todd 1","Symphyla",20
"677","SH1_2011__Todd 1","Thysanoptera",20
"678","SH1_2011__Todd 1","Trichoptera",20
"679","SH1_2011__Todd 1","Zygentoma",20
"680","SH1_2012__Norfolk 1","Arachnida",300
"681","SH1_2012__Norfolk 1","Coleoptera",570
"682","SH1_2012__Norfolk 1","Hymenoptera",210
"683","SH1_2014__Walker 3","Arachnida",24
"684","SH1_2014__Walker 3","Archaeognatha",6
"685","SH1_2014__Walker 3","Blattodea",6
"686","SH1_2014__Walker 3","Coleoptera",72
"687","SH1_2014__Walker 3","Collembola",6
"688","SH1_2014__Walker 3","Dermaptera",6
"689","SH1_2014__Walker 3","Diplopoda",6
"690","SH1_2014__Walker 3","Diptera",6
"691","SH1_2014__Walker 3","Hemiptera",6
"692","SH1_2014__Walker 3","Hymenoptera",12
"693","SH1_2014__Walker 3","Lepidoptera",6
"694","SH1_2014__Walker 3","Malacostraca",12
"695","SH1_2014__Walker 3","Orthoptera",6
"696","SJ2_2016__Fleurance 1","Arachnida",273
"697","SJ2_2016__Fleurance 1","Coleoptera",5551
"698","SJ2_2016__Fleurance 1","Dermaptera",91
"699","SJ2_2016__Fleurance 1","Diplopoda",91
"700","SJ2_2016__Fleurance 1","Hemiptera",182
"701","SJ2_2016__Fleurance 1","Hymenoptera",91
"702","SJ2_2016__Fleurance 1","Orthoptera",91
"703","SJ2_2016__Fleurance 2","Arachnida",208
"704","SJ2_2016__Fleurance 2","Coleoptera",4576
"705","SJ2_2016__Fleurance 2","Collembola",104
"706","SJ2_2016__Fleurance 2","Dermaptera",104
"707","SJ2_2016__Fleurance 2","Diplopoda",104
"708","SJ2_2016__Fleurance 2","Diptera",104
"709","SJ2_2016__Fleurance 2","Hemiptera",208
"710","SJ2_2016__Fleurance 2","Hymenoptera",208
"711","SJ2_2016__Fleurance 2","Orthoptera",104
"712","SJ2_2016__Fleurance 3","Arachnida",166
"713","SJ2_2016__Fleurance 3","Chilopoda",83
"714","SJ2_2016__Fleurance 3","Coleoptera",4067
"715","SJ2_2016__Fleurance 3","Collembola",83
"716","SJ2_2016__Fleurance 3","Dermaptera",83
"717","SJ2_2016__Fleurance 3","Diplopoda",83
"718","SJ2_2016__Fleurance 3","Diptera",83
"719","SJ2_2016__Fleurance 3","Hemiptera",166
"720","SJ2_2016__Fleurance 3","Hymenoptera",166
"721","SJ2_2016__Fleurance 3","Orthoptera",83
"722","SJ2_2016__Fleurance 4","Arachnida",198
"723","SJ2_2016__Fleurance 4","Chilopoda",99
"724","SJ2_2016__Fleurance 4","Coleoptera",5346
"725","SJ2_2016__Fleurance 4","Collembola",99
"726","SJ2_2016__Fleurance 4","Dermaptera",99
"727","SJ2_2016__Fleurance 4","Diplopoda",99
"728","SJ2_2016__Fleurance 4","Diptera",99
"729","SJ2_2016__Fleurance 4","Hemiptera",198
"730","SJ2_2016__Fleurance 4","Hymenoptera",198
"731","SJ2_2016__Fleurance 4","Orthoptera",99
"732","SJ2_2016__Fleurance 5","Mantodea",18
"733","SJ2_2016__Fleurance 5","Orthoptera",432
"734","SJ2_2016__Fleurance 7","Mantodea",18
"735","SJ2_2016__Fleurance 7","Orthoptera",342
"736","SJ2_2016__Fleurance 8","Mantodea",18
"737","SJ2_2016__Fleurance 8","Orthoptera",378
"738","SJ2_2016__Uchida 1","Hemiptera",12
"739","SJ2_2016__Uchida 1","Orthoptera",192
"740","SJ2_2019__Eckert 1","Arachnida",2040
"741","SJ2_2019__Eckert 1","Blattodea",90
"742","SJ2_2019__Eckert 1","Chilopoda",90
"743","SJ2_2019__Eckert 1","Coleoptera",1560
"744","SJ2_2019__Eckert 1","Collembola",30
"745","SJ2_2019__Eckert 1","Dermaptera",30
"746","SJ2_2019__Eckert 1","Diplopoda",390
"747","SJ2_2019__Eckert 1","Hemiptera",330
"748","SJ2_2019__Eckert 1","Hymenoptera",960
"749","SJ2_2019__Eckert 1","Malacostraca",90
"750","SJ2_2019__Eckert 1","Mantodea",30
"751","SJ2_2019__Eckert 1","Orthoptera",480
"752","SJ2_2019__Eckert 1","Phasmida",30
"753","SJ2_2020__Klein 1","Mantodea",62
"754","SJ2_2020__Klein 1","Orthoptera",1550
"755","SS1_2011__Lange 1","Arachnida",240
"756","SS1_2011__Lange 1","Archaeognatha",48
"757","SS1_2011__Lange 1","Blattodea",48
"758","SS1_2011__Lange 1","Chilopoda",48
"759","SS1_2011__Lange 1","Coleoptera",48
"760","SS1_2011__Lange 1","Collembola",48
"761","SS1_2011__Lange 1","Dermaptera",48
"762","SS1_2011__Lange 1","Diplopoda",48
"763","SS1_2011__Lange 1","Diptera",48
"764","SS1_2011__Lange 1","Hemiptera",96
"765","SS1_2011__Lange 1","Hymenoptera",96
"766","SS1_2011__Lange 1","Isoptera",48
"767","SS1_2011__Lange 1","Lepidoptera",48
"768","SS1_2011__Lange 1","Malacostraca",96
"769","SS1_2011__Lange 1","Mantodea",48
"770","SS1_2011__Lange 1","Mecoptera",48
"771","SS1_2011__Lange 1","Megaloptera",48
"772","SS1_2011__Lange 1","Neuroptera",48
"773","SS1_2011__Lange 1","Odonata",48
"774","SS1_2011__Lange 1","Orthoptera",48
"775","SS1_2011__Lange 1","Psocodea",48
"776","SS1_2011__Lange 1","Raphidioptera",48
"777","SS1_2011__Lange 1","Thysanoptera",48
"778","SS1_2011__Lange 1","Trichoptera",48
"779","SS1_2011__Mulder 3","Arachnida",142290
"780","SS1_2011__Mulder 3","Collembola",33660
"781","SS1_2011__Mulder 3","Pauropoda",510
"782","SS1_2011__Mulder 3","Protura",510
"783","SS1_2011__Mulder 3","Symphyla",510
"784","SS1_2013__Blasi 1","Arachnida",275
"785","SS1_2013__Blasi 1","Blattodea",55
"786","SS1_2013__Blasi 1","Chilopoda",55
"787","SS1_2013__Blasi 1","Coleoptera",110
"788","SS1_2013__Blasi 1","Collembola",55
"789","SS1_2013__Blasi 1","Dermaptera",55
"790","SS1_2013__Blasi 1","Diplopoda",55
"791","SS1_2013__Blasi 1","Diptera",110
"792","SS1_2013__Blasi 1","Embioptera",55
"793","SS1_2013__Blasi 1","Hemiptera",55
"794","SS1_2013__Blasi 1","Hymenoptera",55
"795","SS1_2013__Blasi 1","Isoptera",55
"796","SS1_2013__Blasi 1","Lepidoptera",55
"797","SS1_2013__Blasi 1","Malacostraca",55
"798","SS1_2013__Blasi 1","Pauropoda",55
"799","SS1_2013__Blasi 1","Protura",55
"800","SS1_2013__Blasi 1","Psocodea",55
"801","SS1_2013__Blasi 1","Symphyla",55
"802","SS1_2013__Blasi 1","Thysanoptera",55
"803","SS1_2015__Lacasella 1","Arachnida",7344
"804","SS1_2015__Lacasella 1","Chilopoda",1404
"805","SS1_2015__Lacasella 1","Coleoptera",4536
"806","SS1_2015__Ponge 1","Arachnida",75
"807","SS1_2015__Ponge 1","Chilopoda",150
"808","SS1_2015__Ponge 1","Coleoptera",600
"809","SS1_2015__Ponge 1","Diplopoda",175
"810","SS1_2015__Ponge 1","Diplura",25
"811","SS1_2015__Ponge 1","Diptera",75
"812","SS1_2015__Ponge 1","Hemiptera",100
"813","SS1_2015__Ponge 1","Hymenoptera",125
"814","SS1_2015__Ponge 1","Lepidoptera",25
"815","SS1_2015__Ponge 1","Malacostraca",75
"816","SS1_2015__Ponge 1","Orthoptera",25
"817","SS1_2015__Ponge 1","Symphyla",25
"818","SS1_2015__Ponge 1","Trichoptera",25
"819","TN1_2007__Bouyer 2","Coleoptera",960
"820","TN1_2007__Bouyer 2","Hymenoptera",64
"821","TN1_2007__Bouyer 2","Lepidoptera",1536
"822","TN1_2007__Bouyer 3","Coleoptera",1408
"823","TN1_2007__Bouyer 3","Hymenoptera",64
"824","TN1_2007__Bouyer 3","Lepidoptera",704
"825","TN1_2008__Ngai 1","Coleoptera",8
"826","TN1_2008__Ngai 1","Diptera",40
"827","TN1_2008__Ngai 1","Odonata",4
"828","VB1_2005__Eggleton 1","Arachnida",12
"829","VB1_2005__Eggleton 1","Chilopoda",18
"830","VB1_2005__Eggleton 1","Coleoptera",792
"831","VB1_2005__Eggleton 1","Dermaptera",6
"832","VB1_2005__Eggleton 1","Diplopoda",36
"833","VB1_2005__Eggleton 1","Diptera",6
"834","VB1_2005__Eggleton 1","Hemiptera",6
"835","VB1_2005__Eggleton 1","Hymenoptera",24
"836","VB1_2005__Eggleton 1","Lepidoptera",6
"837","VB1_2005__Eggleton 1","Malacostraca",6
"838","VB1_2005__Eggleton 1","Psocodea",6
"839","VB1_2005__Eggleton 1","Siphonaptera",6
"840","VB1_2005__Eggleton 1","Thysanoptera",6
"841","VB1_2005__Eggleton 2","Arachnida",12
"842","VB1_2005__Eggleton 2","Chilopoda",18
"843","VB1_2005__Eggleton 2","Coleoptera",552
"844","VB1_2005__Eggleton 2","Dermaptera",6
"845","VB1_2005__Eggleton 2","Diplopoda",36
"846","VB1_2005__Eggleton 2","Diptera",6
"847","VB1_2005__Eggleton 2","Hemiptera",6
"848","VB1_2005__Eggleton 2","Hymenoptera",24
"849","VB1_2005__Eggleton 2","Lepidoptera",6
"850","VB1_2005__Eggleton 2","Malacostraca",6
"851","VB1_2005__Eggleton 2","Psocodea",6
"852","VB1_2005__Eggleton 2","Siphonaptera",6
"853","VB1_2005__Eggleton 2","Thysanoptera",6
"854","VB1_2006__Smith 1","Chilopoda",936
"855","VB1_2006__Smith 1","Coleoptera",6264
"856","VB1_2006__Smith 1","Dermaptera",72
"857","VB1_2006__Smith 1","Diplopoda",792
"858","VB1_2006__Smith 1","Hymenoptera",72
"859","VB1_2006__Smith 1","Malacostraca",360
"860","VB1_2006__Smith 2","Chilopoda",1224
"861","VB1_2006__Smith 2","Coleoptera",6264
"862","VB1_2006__Smith 2","Dermaptera",72
"863","VB1_2006__Smith 2","Diplopoda",936
"864","VB1_2006__Smith 2","Hymenoptera",72
"865","VB1_2006__Smith 2","Malacostraca",432
"866","VB1_2008a_Smith 1","Arachnida",108
"867","VB1_2008a_Smith 1","Chilopoda",216
"868","VB1_2008a_Smith 1","Coleoptera",864
"869","VB1_2008a_Smith 1","Collembola",36
"870","VB1_2008a_Smith 1","Dermaptera",36
"871","VB1_2008a_Smith 1","Diplopoda",216
"872","VB1_2008a_Smith 1","Diptera",72
"873","VB1_2008a_Smith 1","Hemiptera",36
"874","VB1_2008a_Smith 1","Hymenoptera",72
"875","VB1_2008a_Smith 1","Lepidoptera",36
"876","VB1_2008a_Smith 1","Malacostraca",216
"877","VB1_2008a_Smith 1","Protura",36
"878","VB1_2008a_Smith 1","Psocodea",36
"879","VB1_2008a_Smith 1","Symphyla",36
"880","VB1_2008a_Smith 1","Thysanoptera",36
"881","VB1_2008__Murvanidze 1","Arachnida",1736
"882","VB1_2008__Smith 1","Chilopoda",240
"883","VB1_2008__Smith 1","Coleoptera",3440
"884","VB1_2008__Smith 1","Diplopoda",360
"885","VB1_2008__Smith 1","Malacostraca",240
"886","VB1_2009__Boutin 1","Arachnida",40
"887","VB1_2009__Boutin 1","Coleoptera",580
"888","VB1_2009__Boutin 1","Collembola",20
"889","VB1_2009__Boutin 1","Dermaptera",20
"890","VB1_2009__Boutin 1","Diplopoda",20
"891","VB1_2009__Boutin 1","Diptera",880
"892","VB1_2009__Boutin 1","Hemiptera",220
"893","VB1_2009__Boutin 1","Hymenoptera",340
"894","VB1_2009__Boutin 1","Lepidoptera",40
"895","VB1_2009__Boutin 1","Malacostraca",20
"896","VB1_2009__Boutin 1","Mecoptera",20
"897","VB1_2009__Boutin 1","Neuroptera",40
"898","VB1_2009__Boutin 1","Odonata",20
"899","VB1_2009__Boutin 1","Orthoptera",40
"900","VB1_2009__Boutin 1","Thysanoptera",20
"901","VB1_2009__Boutin 1","Trichoptera",40
"902","VB1_2009__Boutin 2","Arachnida",40
"903","VB1_2009__Boutin 2","Coleoptera",580
"904","VB1_2009__Boutin 2","Collembola",20
"905","VB1_2009__Boutin 2","Dermaptera",20
"906","VB1_2009__Boutin 2","Diplopoda",20
"907","VB1_2009__Boutin 2","Diptera",880
"908","VB1_2009__Boutin 2","Hemiptera",220
"909","VB1_2009__Boutin 2","Hymenoptera",340
"910","VB1_2009__Boutin 2","Lepidoptera",40
"911","VB1_2009__Boutin 2","Malacostraca",20
"912","VB1_2009__Boutin 2","Mecoptera",20
"913","VB1_2009__Boutin 2","Neuroptera",40
"914","VB1_2009__Boutin 2","Odonata",20
"915","VB1_2009__Boutin 2","Orthoptera",40
"916","VB1_2009__Boutin 2","Thysanoptera",20
"917","VB1_2009__Boutin 2","Trichoptera",40
"918","VB1_2009__Boutin 3","Arachnida",40
"919","VB1_2009__Boutin 3","Coleoptera",580
"920","VB1_2009__Boutin 3","Collembola",20
"921","VB1_2009__Boutin 3","Dermaptera",20
"922","VB1_2009__Boutin 3","Diplopoda",20
"923","VB1_2009__Boutin 3","Diptera",880
"924","VB1_2009__Boutin 3","Hemiptera",220
"925","VB1_2009__Boutin 3","Hymenoptera",340
"926","VB1_2009__Boutin 3","Lepidoptera",40
"927","VB1_2009__Boutin 3","Malacostraca",20
"928","VB1_2009__Boutin 3","Mecoptera",20
"929","VB1_2009__Boutin 3","Neuroptera",40
"930","VB1_2009__Boutin 3","Odonata",20
"931","VB1_2009__Boutin 3","Orthoptera",40
"932","VB1_2009__Boutin 3","Thysanoptera",20
"933","VB1_2009__Boutin 3","Trichoptera",40
"934","VB1_2009__UeharaPrado 1","Arachnida",138
"935","VB1_2009__UeharaPrado 1","Coleoptera",358
"936","VB1_2009__UeharaPrado 1","Malacostraca",10
"937","VB1_2011__desmedt 1","Diplopoda",66
"938","VB1_2011__desmedt 1","Malacostraca",36
"939","VB1_2012a_Carpenter 1","Arachnida",210
"940","VB1_2012a_Carpenter 1","Archaeognatha",105
"941","VB1_2012a_Carpenter 1","Blattodea",105
"942","VB1_2012a_Carpenter 1","Chilopoda",105
"943","VB1_2012a_Carpenter 1","Coleoptera",2835
"944","VB1_2012a_Carpenter 1","Dermaptera",105
"945","VB1_2012a_Carpenter 1","Diplopoda",105
"946","VB1_2012a_Carpenter 1","Diptera",210
"947","VB1_2012a_Carpenter 1","Hemiptera",105
"948","VB1_2012a_Carpenter 1","Hymenoptera",210
"949","VB1_2012a_Carpenter 1","Lepidoptera",105
"950","VB1_2012a_Carpenter 1","Malacostraca",420
"951","VB1_2012a_Carpenter 1","Orthoptera",105
"952","VB1_2012__Carpenter 1","Arachnida",42
"953","VB1_2012__Carpenter 1","Chilopoda",14
"954","VB1_2012__Carpenter 1","Coleoptera",28
"955","VB1_2012__Carpenter 1","Dermaptera",14
"956","VB1_2012__Carpenter 1","Diplopoda",14
"957","VB1_2012__Carpenter 1","Diptera",14
"958","VB1_2012__Carpenter 1","Hemiptera",14
"959","VB1_2012__Carpenter 1","Hymenoptera",28
"960","VB1_2012__Carpenter 1","Lepidoptera",14
"961","VB1_2012__Carpenter 1","Malacostraca",14
"962","VB1_2012__Carpenter 1","Maxillopoda",14
"963","VB1_2012__Carpenter 1","Mecoptera",14
"964","VB1_2012__Carpenter 1","Neuroptera",14
"965","VB1_2012__Carpenter 1","Orthoptera",14
"966","VB1_2012__Carpenter 1","Phthiraptera",14
"967","VB1_2012__Carpenter 1","Psocodea",14
"968","VB1_2012__Carpenter 1","Siphonaptera",14
"969","VB1_2012__Carpenter 1","Thysanoptera",14
"970","VB1_2012__Carpenter 1","Trichoptera",14
"971","VB1_2012__Carpenter 2","Arachnida",90
"972","VB1_2012__Carpenter 2","Archaeognatha",30
"973","VB1_2012__Carpenter 2","Chilopoda",30
"974","VB1_2012__Carpenter 2","Coleoptera",60
"975","VB1_2012__Carpenter 2","Dermaptera",30
"976","VB1_2012__Carpenter 2","Diplopoda",30
"977","VB1_2012__Carpenter 2","Diptera",30
"978","VB1_2012__Carpenter 2","Hemiptera",30
"979","VB1_2012__Carpenter 2","Hymenoptera",60
"980","VB1_2012__Carpenter 2","Lepidoptera",30
"981","VB1_2012__Carpenter 2","Malacostraca",30
"982","VB1_2012__Carpenter 2","Neuroptera",30
"983","VB1_2012__Carpenter 2","Orthoptera",30
"984","VB1_2012__Carpenter 2","Pauropoda",30
"985","VB1_2012__Carpenter 2","Psocodea",30
"986","VB1_2012__Carpenter 2","Thysanoptera",30
"987","VB1_2012__Carpenter 4","Arachnida",20
"988","VB1_2012__Carpenter 4","Coleoptera",20
"989","VB1_2012__Carpenter 4","Dermaptera",10
"990","VB1_2012__Carpenter 4","Diptera",10
"991","VB1_2012__Carpenter 4","Hemiptera",10
"992","VB1_2012__Carpenter 4","Hymenoptera",20
"993","VB1_2012__Carpenter 4","Lepidoptera",10
"994","VB1_2012__Carpenter 4","Mecoptera",10
"995","VB1_2012__Carpenter 4","Neuroptera",10
"996","VB1_2012__Carpenter 4","Odonata",10
"997","VB1_2012__Carpenter 4","Orthoptera",10
"998","VB1_2012__Carpenter 4","Psocodea",10
"999","VB1_2012__Carpenter 4","Siphonaptera",10
"1000","VB1_2012__Carpenter 4","Thysanoptera",10
"1001","VB1_2012__Carpenter 4","Trichoptera",10
"1002","VB1_2012__Carpenter 6","Arachnida",60
"1003","VB1_2012__Carpenter 6","Chilopoda",20
"1004","VB1_2012__Carpenter 6","Coleoptera",40
"1005","VB1_2012__Carpenter 6","Dermaptera",20
"1006","VB1_2012__Carpenter 6","Diplopoda",20
"1007","VB1_2012__Carpenter 6","Diptera",20
"1008","VB1_2012__Carpenter 6","Hemiptera",20
"1009","VB1_2012__Carpenter 6","Hymenoptera",40
"1010","VB1_2012__Carpenter 6","Lepidoptera",20
"1011","VB1_2012__Carpenter 6","Malacostraca",20
"1012","VB1_2012__Carpenter 6","Maxillopoda",20
"1013","VB1_2012__Carpenter 6","Mecoptera",20
"1014","VB1_2012__Carpenter 6","Neuroptera",20
"1015","VB1_2012__Carpenter 6","Orthoptera",20
"1016","VB1_2012__Carpenter 6","Phthiraptera",20
"1017","VB1_2012__Carpenter 6","Psocodea",20
"1018","VB1_2012__Carpenter 6","Siphonaptera",20
"1019","VB1_2012__Carpenter 6","Thysanoptera",20
"1020","VB1_2012__Carpenter 6","Trichoptera",20
"1021","VB1_2012__LeightonGoodall 1","Chilopoda",50
"1022","VB1_2012__LeightonGoodall 1","Coleoptera",570
"1023","VB1_2012__LeightonGoodall 1","Diplopoda",55
"1024","VB1_2012__LeightonGoodall 1","Hymenoptera",25
"1025","VB1_2012__LeightonGoodall 1","Malacostraca",25
"1026","VB1_2013__Burton 2","Arachnida",448
"1027","VB1_2013__Burton 2","Chilopoda",336
"1028","VB1_2013__Burton 2","Coleoptera",1960
"1029","VB1_2013__Burton 2","Collembola",56
"1030","VB1_2013__Burton 2","Dermaptera",56
"1031","VB1_2013__Burton 2","Diplopoda",224
"1032","VB1_2013__Burton 2","Diptera",56
"1033","VB1_2013__Burton 2","Hemiptera",168
"1034","VB1_2013__Burton 2","Hymenoptera",224
"1035","VB1_2013__Burton 2","Lepidoptera",56
"1036","VB1_2013__Burton 2","Malacostraca",280
"1037","VB1_2013__Burton 2","Pauropoda",56
"1038","VB1_2013__Burton 2","Thysanoptera",56
"1039","VB1_2013__Burton 3","Chilopoda",275
"1040","VB1_2013__Burton 3","Coleoptera",165
"1041","VB1_2013__Burton 3","Diplopoda",110
"1042","VB1_2013__Burton 3","Malacostraca",165
"1043","VB1_2015__Burton 1","Coleoptera",33
"1044","VB1_2015__Burton 1","Diplopoda",33
"1045","VB1_2015__Burton 1","Diptera",33
"1046","VB1_2015__Mumme 1","Arachnida",8672
"1047","VB1_2015__Mumme 1","Archaeognatha",96
"1048","VB1_2015__Mumme 1","Blattodea",800
"1049","VB1_2015__Mumme 1","Chilopoda",480
"1050","VB1_2015__Mumme 1","Coleoptera",5344
"1051","VB1_2015__Mumme 1","Dermaptera",160
"1052","VB1_2015__Mumme 1","Diplopoda",832
"1053","VB1_2015__Mumme 1","Diplura",32
"1054","VB1_2015__Mumme 1","Diptera",832
"1055","VB1_2015__Mumme 1","Hemiptera",2368
"1056","VB1_2015__Mumme 1","Hymenoptera",3584
"1057","VB1_2015__Mumme 1","Isoptera",448
"1058","VB1_2015__Mumme 1","Lepidoptera",1312
"1059","VB1_2015__Mumme 1","Malacostraca",1152
"1060","VB1_2015__Mumme 1","Mantodea",128
"1061","VB1_2015__Mumme 1","Neuroptera",32
"1062","VB1_2015__Mumme 1","Orthoptera",736
"1063","VB1_2015__Mumme 1","Plecoptera",192
"1064","VB1_2015__Mumme 1","Psocodea",544
"1065","VB1_2015__Mumme 1","Symphyla",64
"1066","VB1_2015__Mumme 1","Thysanoptera",288
"1067","VB1_2015__Mumme 1","Zygentoma",32
